id;day;start_time;end_time
1;secured line pink;2020-02-25T08:20:26;2020-02-24T21:44:24
2;Re-engineered;2020-02-25T10:59:45;2020-02-25T12:36:27
3;compressing;2020-02-25T20:33:37;2020-02-25T05:26:22
4;Manager bluetooth tan;2020-02-25T02:05:56;2020-02-25T04:46:29
5;Soft;2020-02-25T06:32:36;2020-02-24T23:25:45
6;Outdoors back-end;2020-02-25T17:51:34;2020-02-25T08:18:25
7;incentivize pixel;2020-02-25T08:04:07;2020-02-25T10:10:24
8;Neck Liaison;2020-02-25T06:59:28;2020-02-25T16:31:07
9;lime Egypt Wooden;2020-02-25T02:39:06;2020-02-25T08:25:46
10;infrastructures Benin navigating;2020-02-25T04:40:40;2020-02-25T15:43:14
